{"cameraMode":{"drawMode":0,"name":"Shaded","section":"Shading Mode"},"sceneLighting":false,"audioPlay":false,"sceneViewState":{"showFog":true,"showMaterialUpdate":false,"showSkybox":false,"showFlares":true,"showImageEffects":true,"showParticleSystems":true},"in2DMode":false,"pivot":{"x":24.047901153564454,"y":1.4957274198532105,"z":-12.837959289550782},"rotation":{"x":0.07382204383611679,"y":0.6202269196510315,"z":0.058766357600688937,"w":-0.7787038087844849},"size":3.000016689300537,"orthographic":false}