{"cameraMode":{"drawMode":0,"name":"Shaded","section":"Shading Mode"},"sceneLighting":false,"audioPlay":false,"sceneViewState":{"showFog":true,"showMaterialUpdate":false,"showSkybox":false,"showFlares":true,"showImageEffects":true,"showParticleSystems":true},"in2DMode":false,"pivot":{"x":-6.010982990264893,"y":1.6742464303970338,"z":4.797110557556152},"rotation":{"x":0.0787341445684433,"y":-0.803636372089386,"z":0.10915690660476685,"w":0.5796887278556824},"size":2.378302574157715,"orthographic":false}