{"cameraMode":{"drawMode":0,"name":"Shaded","section":"Shading Mode"},"sceneLighting":false,"audioPlay":false,"sceneViewState":{"showFog":true,"showMaterialUpdate":false,"showSkybox":false,"showFlares":true,"showImageEffects":true,"showParticleSystems":true},"in2DMode":false,"pivot":{"x":-6.826248645782471,"y":0.004079094156622887,"z":0.834807276725769},"rotation":{"x":0.1090320274233818,"y":-0.7037308812141419,"z":0.11068291962146759,"w":0.693254292011261},"size":5.066025733947754,"orthographic":false}