{"cameraMode":{"drawMode":0,"name":"Shaded","section":"Shading Mode"},"sceneLighting":false,"audioPlay":false,"sceneViewState":{"showFog":true,"showMaterialUpdate":false,"showSkybox":false,"showFlares":true,"showImageEffects":true,"showParticleSystems":true},"in2DMode":false,"pivot":{"x":2.5299999713897707,"y":2.0,"z":3.680000066757202},"rotation":{"x":0.016807949170470239,"y":-0.9651558995246887,"z":0.2531384825706482,"w":0.06407919526100159},"size":0.8660255670547485,"orthographic":false}