{"cameraMode":{"drawMode":0,"name":"Shaded","section":"Shading Mode"},"sceneLighting":true,"audioPlay":false,"sceneViewState":{"showFog":true,"showMaterialUpdate":false,"showSkybox":true,"showFlares":true,"showImageEffects":true,"showParticleSystems":true},"in2DMode":false,"pivot":{"x":4.267817974090576,"y":11.486051559448243,"z":-3.3190743923187258},"rotation":{"x":0.15118280053138734,"y":-0.5160582065582275,"z":0.09310667961835861,"w":0.8379455804824829},"size":6.054533958435059,"orthographic":false}